<?xml version="1.0" encoding="UTF-8"?>
<export version="D">
  <design>
    <source>/Users/farita/Dropbox/6.301/Temperature Sensor/Temperature_Sensor/Temperature_Sensor.sch</source>
    <date>Monday, December 05, 2016 'AMt' 04:03:00 AM</date>
    <tool>Eeschema 4.0.0-stable</tool>
    <sheet number="1" name="/" tstamps="/">
      <title_block>
        <title/>
        <company/>
        <rev/>
        <date/>
        <source>Temperature_Sensor.sch</source>
        <comment number="1" value=""/>
        <comment number="2" value=""/>
        <comment number="3" value=""/>
        <comment number="4" value=""/>
      </title_block>
    </sheet>
  </design>
  <components>
    <comp ref="Q3">
      <value>.</value>
      <libsource lib="device" part="Q_NPN_EBC"/>
      <sheetpath names="/" tstamps="/"/>
      <tstamp>583DF97F</tstamp>
    </comp>
    <comp ref="Q2">
      <value>.</value>
      <footprint>Housings_SOIC:SOIC-16_3.9x9.9mm_Pitch1.27mm</footprint>
      <libsource lib="device" part="Q_PNP_EBC"/>
      <sheetpath names="/" tstamps="/"/>
      <tstamp>583DF9A6</tstamp>
    </comp>
    <comp ref="Q4">
      <value>.</value>
      <libsource lib="device" part="Q_PNP_EBC"/>
      <sheetpath names="/" tstamps="/"/>
      <tstamp>583DFB95</tstamp>
    </comp>
    <comp ref="Q7">
      <value>.</value>
      <libsource lib="device" part="Q_PNP_EBC"/>
      <sheetpath names="/" tstamps="/"/>
      <tstamp>583DFBBA</tstamp>
    </comp>
    <comp ref="Q9">
      <value>.</value>
      <libsource lib="device" part="Q_PNP_EBC"/>
      <sheetpath names="/" tstamps="/"/>
      <tstamp>583DFBEE</tstamp>
    </comp>
    <comp ref="Q1">
      <value>.</value>
      <footprint>Housings_SOIC:SOIC-16_3.9x9.9mm_Pitch1.27mm</footprint>
      <libsource lib="device" part="Q_NPN_EBC"/>
      <sheetpath names="/" tstamps="/"/>
      <tstamp>583DFC1E</tstamp>
    </comp>
    <comp ref="Q5">
      <value>.</value>
      <libsource lib="device" part="Q_NPN_EBC"/>
      <sheetpath names="/" tstamps="/"/>
      <tstamp>583DFC5A</tstamp>
    </comp>
    <comp ref="Q8">
      <value>.</value>
      <libsource lib="device" part="Q_NPN_EBC"/>
      <sheetpath names="/" tstamps="/"/>
      <tstamp>583DFCB5</tstamp>
    </comp>
    <comp ref="R1">
      <value>100</value>
      <footprint>Resistors_SMD:R_0603</footprint>
      <libsource lib="device" part="R_Small"/>
      <sheetpath names="/" tstamps="/"/>
      <tstamp>583DFDD6</tstamp>
    </comp>
    <comp ref="Q10">
      <value>.</value>
      <footprint>Housings_SOIC:SOIC-16_3.9x9.9mm_Pitch1.27mm</footprint>
      <libsource lib="device" part="Q_NPN_EBC"/>
      <sheetpath names="/" tstamps="/"/>
      <tstamp>583E1111</tstamp>
    </comp>
    <comp ref="R3">
      <value>27K</value>
      <footprint>Capacitors_SMD:0612</footprint>
      <libsource lib="device" part="R_Small"/>
      <sheetpath names="/" tstamps="/"/>
      <tstamp>583E11AA</tstamp>
    </comp>
    <comp ref="U4">
      <value>LM6132</value>
      <footprint>Housings_SOIC:SOIC-8_3.9x4.9mm_Pitch1.27mm</footprint>
      <libsource lib="linear" part="LM358"/>
      <sheetpath names="/" tstamps="/"/>
      <tstamp>583E1885</tstamp>
    </comp>
    <comp ref="C2">
      <value>1 uF</value>
      <footprint>Capacitors_SMD:C_0603</footprint>
      <libsource lib="device" part="C_Small"/>
      <sheetpath names="/" tstamps="/"/>
      <tstamp>583E2AEC</tstamp>
    </comp>
    <comp ref="U5">
      <value>LM311N</value>
      <footprint>Housings_SOIC:SOIC-8_3.9x4.9mm_Pitch1.27mm</footprint>
      <libsource lib="linear" part="LM311N"/>
      <sheetpath names="/" tstamps="/"/>
      <tstamp>583E392A</tstamp>
    </comp>
    <comp ref="R8">
      <value>10K</value>
      <footprint>Resistors_SMD:R_0603</footprint>
      <libsource lib="device" part="R_Small"/>
      <sheetpath names="/" tstamps="/"/>
      <tstamp>583E3C45</tstamp>
    </comp>
    <comp ref="R9">
      <value>200K</value>
      <footprint>Resistors_SMD:R_0603</footprint>
      <libsource lib="device" part="R_Small"/>
      <sheetpath names="/" tstamps="/"/>
      <tstamp>583E3CD2</tstamp>
    </comp>
    <comp ref="R10">
      <value>20K</value>
      <footprint>Resistors_SMD:R_0603</footprint>
      <libsource lib="device" part="R_Small"/>
      <sheetpath names="/" tstamps="/"/>
      <tstamp>583E3DC0</tstamp>
    </comp>
    <comp ref="R7">
      <value>51K</value>
      <footprint>Resistors_SMD:R_0603</footprint>
      <libsource lib="device" part="R_Small"/>
      <sheetpath names="/" tstamps="/"/>
      <tstamp>583E3E60</tstamp>
    </comp>
    <comp ref="Q11">
      <value>.</value>
      <libsource lib="device" part="Q_NPN_EBC"/>
      <sheetpath names="/" tstamps="/"/>
      <tstamp>583E8BF5</tstamp>
    </comp>
    <comp ref="U2">
      <value>CD4066</value>
      <footprint>Housings_SOIC:SOIC-14_3.9x8.7mm_Pitch1.27mm</footprint>
      <libsource lib="analog_switches" part="DG308"/>
      <sheetpath names="/" tstamps="/"/>
      <tstamp>5843ED7F</tstamp>
    </comp>
    <comp ref="C3">
      <value>0.68 uF</value>
      <footprint>Capacitors_SMD:C_0603</footprint>
      <libsource lib="device" part="C_Small"/>
      <sheetpath names="/" tstamps="/"/>
      <tstamp>58440D1B</tstamp>
    </comp>
    <comp ref="U3">
      <value>LM317AT</value>
      <footprint>TO_SOT_Packages_SMD:SOT-223</footprint>
      <libsource lib="regul" part="LM317AT"/>
      <sheetpath names="/" tstamps="/"/>
      <tstamp>584411EB</tstamp>
    </comp>
    <comp ref="R4">
      <value>10</value>
      <footprint>Capacitors_SMD:0612</footprint>
      <libsource lib="device" part="R_Small"/>
      <sheetpath names="/" tstamps="/"/>
      <tstamp>584419FF</tstamp>
    </comp>
    <comp ref="R5">
      <value>1K</value>
      <footprint>Capacitors_SMD:0612</footprint>
      <libsource lib="device" part="R_Small"/>
      <sheetpath names="/" tstamps="/"/>
      <tstamp>58441A9C</tstamp>
    </comp>
    <comp ref="R6">
      <value>10</value>
      <footprint>Capacitors_SMD:0612</footprint>
      <libsource lib="device" part="R_Small"/>
      <sheetpath names="/" tstamps="/"/>
      <tstamp>58441B34</tstamp>
    </comp>
    <comp ref="C8">
      <value>2.2 uF</value>
      <footprint>Capacitors_SMD:C_0402</footprint>
      <libsource lib="device" part="C_Small"/>
      <sheetpath names="/" tstamps="/"/>
      <tstamp>5844A5E4</tstamp>
    </comp>
    <comp ref="C7">
      <value>2.2 uF</value>
      <footprint>Capacitors_SMD:C_0402</footprint>
      <libsource lib="device" part="C_Small"/>
      <sheetpath names="/" tstamps="/"/>
      <tstamp>5844A9D4</tstamp>
    </comp>
    <comp ref="C6">
      <value>2.2 uF</value>
      <footprint>Capacitors_SMD:C_0402</footprint>
      <libsource lib="device" part="C_Small"/>
      <sheetpath names="/" tstamps="/"/>
      <tstamp>5844AC0C</tstamp>
    </comp>
    <comp ref="C5">
      <value>2.2 uF</value>
      <footprint>Capacitors_SMD:C_0402</footprint>
      <libsource lib="device" part="C_Small"/>
      <sheetpath names="/" tstamps="/"/>
      <tstamp>5844AE83</tstamp>
    </comp>
    <comp ref="P1">
      <value>CONN_01X02</value>
      <footprint>Pin_Headers:Pin_Header_Straight_1x02</footprint>
      <libsource lib="conn" part="CONN_01X02"/>
      <sheetpath names="/" tstamps="/"/>
      <tstamp>5844B268</tstamp>
    </comp>
    <comp ref="C1">
      <value>4.7 uF</value>
      <footprint>Capacitors_SMD:C_0603</footprint>
      <libsource lib="device" part="C_Small"/>
      <sheetpath names="/" tstamps="/"/>
      <tstamp>5844BF93</tstamp>
    </comp>
    <comp ref="C9">
      <value>2.2 uF</value>
      <footprint>Capacitors_SMD:C_0402</footprint>
      <libsource lib="device" part="C_Small"/>
      <sheetpath names="/" tstamps="/"/>
      <tstamp>5844CCC1</tstamp>
    </comp>
    <comp ref="C4">
      <value>2.2 uF</value>
      <footprint>Capacitors_SMD:C_0402</footprint>
      <libsource lib="device" part="C_Small"/>
      <sheetpath names="/" tstamps="/"/>
      <tstamp>5844D3A0</tstamp>
    </comp>
    <comp ref="U1">
      <value>CD4066</value>
      <footprint>Housings_SOIC:SOIC-14_3.9x8.7mm_Pitch1.27mm</footprint>
      <libsource lib="analog_switches" part="DG308"/>
      <sheetpath names="/" tstamps="/"/>
      <tstamp>5844E63E</tstamp>
    </comp>
    <comp ref="P2">
      <value>CONN_01X05</value>
      <footprint>Pin_Headers:Pin_Header_Straight_1x05</footprint>
      <libsource lib="conn" part="CONN_01X05"/>
      <sheetpath names="/" tstamps="/"/>
      <tstamp>5845174B</tstamp>
    </comp>
  </components>
  <libparts>
    <libpart lib="conn" part="CONN_01X02">
      <description>Connector 01x02</description>
      <footprints>
        <fp>Pin_Header_Straight_1X02</fp>
        <fp>Pin_Header_Angled_1X02</fp>
        <fp>Socket_Strip_Straight_1X02</fp>
        <fp>Socket_Strip_Angled_1X02</fp>
      </footprints>
      <fields>
        <field name="Reference">P</field>
        <field name="Value">CONN_01X02</field>
      </fields>
      <pins>
        <pin num="1" name="P1" type="passive"/>
        <pin num="2" name="P2" type="passive"/>
      </pins>
    </libpart>
    <libpart lib="conn" part="CONN_01X05">
      <description>Connector 01x05</description>
      <footprints>
        <fp>Pin_Header_Straight_1X05</fp>
        <fp>Pin_Header_Angled_1X05</fp>
        <fp>Socket_Strip_Straight_1X05</fp>
        <fp>Socket_Strip_Angled_1X05</fp>
      </footprints>
      <fields>
        <field name="Reference">P</field>
        <field name="Value">CONN_01X05</field>
      </fields>
      <pins>
        <pin num="1" name="P1" type="passive"/>
        <pin num="2" name="P2" type="passive"/>
        <pin num="3" name="P3" type="passive"/>
        <pin num="4" name="P4" type="passive"/>
        <pin num="5" name="P5" type="passive"/>
      </pins>
    </libpart>
    <libpart lib="device" part="C_Small">
      <description>Unpolarized capacitor</description>
      <footprints>
        <fp>C?</fp>
        <fp>C_????_*</fp>
        <fp>C_????</fp>
        <fp>SMD*_c</fp>
        <fp>Capacitor*</fp>
      </footprints>
      <fields>
        <field name="Reference">C</field>
        <field name="Value">C_Small</field>
      </fields>
      <pins>
        <pin num="1" name="~" type="passive"/>
        <pin num="2" name="~" type="passive"/>
      </pins>
    </libpart>
    <libpart lib="analog_switches" part="DG308">
      <aliases>
        <alias>DG441</alias>
      </aliases>
      <description>Quad Analog Switches</description>
      <docs>analog_mux&amp;switches/dg308.pdf</docs>
      <fields>
        <field name="Reference">U</field>
        <field name="Value">DG308</field>
      </fields>
      <pins>
        <pin num="1" name="I/O" type="passive"/>
        <pin num="2" name="O/I" type="passive"/>
        <pin num="3" name="O/I" type="passive"/>
        <pin num="4" name="I/O" type="passive"/>
        <pin num="5" name="GND" type="power_in"/>
        <pin num="6" name="ON" type="input"/>
        <pin num="7" name="V-" type="power_in"/>
        <pin num="8" name="I/O" type="passive"/>
        <pin num="9" name="O/I" type="passive"/>
        <pin num="10" name="O/I" type="passive"/>
        <pin num="11" name="I/O" type="passive"/>
        <pin num="12" name="ON" type="input"/>
        <pin num="13" name="ON" type="input"/>
        <pin num="14" name="V+" type="power_in"/>
      </pins>
    </libpart>
    <libpart lib="linear" part="LM311N">
      <description>Voltage Comparator</description>
      <fields>
        <field name="Reference">U</field>
        <field name="Value">LM311N</field>
      </fields>
      <pins>
        <pin num="1" name="GND" type="input"/>
        <pin num="2" name="+" type="input"/>
        <pin num="3" name="-" type="input"/>
        <pin num="4" name="V-" type="input"/>
        <pin num="5" name="BAL" type="passive"/>
        <pin num="6" name="~" type="passive"/>
        <pin num="7" name="~" type="output"/>
        <pin num="8" name="V+" type="input"/>
      </pins>
    </libpart>
    <libpart lib="regul" part="LM317T">
      <aliases>
        <alias>LM317AT</alias>
      </aliases>
      <description>1.5A 35V Adjustable Linear Regulator, TO-220</description>
      <docs>http://www.national.com/ds/LM/LM117.pdf</docs>
      <footprints>
        <fp>TO*</fp>
      </footprints>
      <fields>
        <field name="Reference">U</field>
        <field name="Value">LM317T</field>
        <field name="Footprint">.</field>
      </fields>
      <pins>
        <pin num="1" name="ADJ" type="input"/>
        <pin num="2" name="OUT" type="power_out"/>
        <pin num="3" name="IN" type="input"/>
      </pins>
    </libpart>
    <libpart lib="linear" part="LM358">
      <aliases>
        <alias>LMC6062</alias>
        <alias>LMC6082</alias>
        <alias>LM358N</alias>
        <alias>TL072</alias>
        <alias>TL082</alias>
      </aliases>
      <description>Dual Op amp (low power)</description>
      <docs>ns/lm158.pdf</docs>
      <fields>
        <field name="Reference">U</field>
        <field name="Value">LM358</field>
      </fields>
      <pins>
        <pin num="1" name="~" type="output"/>
        <pin num="2" name="-" type="input"/>
        <pin num="3" name="+" type="input"/>
        <pin num="4" name="V-" type="power_in"/>
        <pin num="5" name="+" type="input"/>
        <pin num="6" name="-" type="input"/>
        <pin num="7" name="~" type="output"/>
        <pin num="8" name="V+" type="power_in"/>
      </pins>
    </libpart>
    <libpart lib="device" part="Q_NPN_EBC">
      <description>Transistor NPN (general)</description>
      <fields>
        <field name="Reference">Q</field>
        <field name="Value">Q_NPN_EBC</field>
      </fields>
      <pins>
        <pin num="1" name="E" type="passive"/>
        <pin num="2" name="B" type="passive"/>
        <pin num="3" name="C" type="passive"/>
      </pins>
    </libpart>
    <libpart lib="device" part="Q_PNP_EBC">
      <description>Transistor PNP (general)</description>
      <fields>
        <field name="Reference">Q</field>
        <field name="Value">Q_PNP_EBC</field>
      </fields>
      <pins>
        <pin num="1" name="E" type="passive"/>
        <pin num="2" name="B" type="input"/>
        <pin num="3" name="C" type="passive"/>
      </pins>
    </libpart>
    <libpart lib="device" part="R_Small">
      <description>Resistor</description>
      <footprints>
        <fp>Resistor_*</fp>
        <fp>R_*</fp>
      </footprints>
      <fields>
        <field name="Reference">R</field>
        <field name="Value">R_Small</field>
      </fields>
      <pins>
        <pin num="1" name="~" type="passive"/>
        <pin num="2" name="~" type="passive"/>
      </pins>
    </libpart>
  </libparts>
  <libraries>
    <library logical="device">
      <uri>/Library/Application Support/kicad/library/device.lib</uri>
    </library>
    <library logical="conn">
      <uri>/Library/Application Support/kicad/library/conn.lib</uri>
    </library>
    <library logical="linear">
      <uri>/Library/Application Support/kicad/library/linear.lib</uri>
    </library>
    <library logical="regul">
      <uri>/Library/Application Support/kicad/library/regul.lib</uri>
    </library>
    <library logical="analog_switches">
      <uri>/Library/Application Support/kicad/library/analog_switches.lib</uri>
    </library>
  </libraries>
  <nets>
    <net code="1" name="Net-(R5-Pad2)">
      <node ref="U3" pin="1"/>
      <node ref="R5" pin="2"/>
      <node ref="R6" pin="1"/>
    </net>
    <net code="2" name="Net-(R4-Pad2)">
      <node ref="U3" pin="2"/>
      <node ref="R4" pin="2"/>
    </net>
    <net code="3" name="Earth">
      <node ref="C6" pin="2"/>
      <node ref="C7" pin="2"/>
      <node ref="C8" pin="2"/>
      <node ref="P1" pin="2"/>
      <node ref="C9" pin="2"/>
      <node ref="C1" pin="2"/>
      <node ref="P2" pin="5"/>
      <node ref="U1" pin="1"/>
      <node ref="U1" pin="7"/>
      <node ref="C4" pin="2"/>
      <node ref="Q11" pin="1"/>
      <node ref="U4" pin="4"/>
      <node ref="U5" pin="1"/>
      <node ref="C5" pin="2"/>
      <node ref="Q10" pin="1"/>
      <node ref="Q8" pin="1"/>
      <node ref="R1" pin="2"/>
      <node ref="R8" pin="2"/>
      <node ref="U5" pin="4"/>
      <node ref="U2" pin="7"/>
      <node ref="R6" pin="2"/>
    </net>
    <net code="4" name="+5V">
      <node ref="Q7" pin="1"/>
      <node ref="Q9" pin="1"/>
      <node ref="P1" pin="1"/>
      <node ref="C5" pin="1"/>
      <node ref="U4" pin="8"/>
      <node ref="U5" pin="8"/>
      <node ref="R10" pin="1"/>
      <node ref="R7" pin="1"/>
      <node ref="Q2" pin="1"/>
      <node ref="U2" pin="14"/>
      <node ref="C6" pin="1"/>
      <node ref="C4" pin="1"/>
      <node ref="U1" pin="14"/>
      <node ref="U3" pin="3"/>
      <node ref="C9" pin="1"/>
      <node ref="C1" pin="1"/>
      <node ref="C8" pin="1"/>
    </net>
    <net code="5" name="GND">
      <node ref="U2" pin="5"/>
      <node ref="U1" pin="5"/>
    </net>
    <net code="6" name="Net-(Q11-Pad3)">
      <node ref="Q11" pin="3"/>
      <node ref="U2" pin="3"/>
      <node ref="U2" pin="11"/>
    </net>
    <net code="7" name="Net-(U4-Pad1)">
      <node ref="U4" pin="5"/>
      <node ref="U4" pin="2"/>
      <node ref="U4" pin="1"/>
    </net>
    <net code="8" name="_one_shot_out">
      <node ref="P2" pin="3"/>
      <node ref="U2" pin="6"/>
      <node ref="U2" pin="5"/>
    </net>
    <net code="9" name="switch_en_c">
      <node ref="P2" pin="4"/>
    </net>
    <net code="10" name="one_shot_out">
      <node ref="U1" pin="13"/>
      <node ref="U2" pin="12"/>
      <node ref="P2" pin="2"/>
    </net>
    <net code="11" name="+3V3">
      <node ref="P2" pin="1"/>
      <node ref="U2" pin="4"/>
      <node ref="R3" pin="1"/>
    </net>
    <net code="12" name="Net-(C7-Pad1)">
      <node ref="U4" pin="3"/>
      <node ref="R4" pin="1"/>
      <node ref="C7" pin="1"/>
      <node ref="R5" pin="1"/>
    </net>
    <net code="13" name="Net-(Q2-Pad2)">
      <node ref="Q4" pin="1"/>
      <node ref="Q2" pin="2"/>
      <node ref="Q7" pin="2"/>
      <node ref="Q9" pin="2"/>
    </net>
    <net code="14" name="Net-(Q9-Pad3)">
      <node ref="U2" pin="9"/>
      <node ref="Q9" pin="3"/>
      <node ref="U1" pin="2"/>
    </net>
    <net code="15" name="Net-(Q1-Pad2)">
      <node ref="Q3" pin="2"/>
      <node ref="Q7" pin="3"/>
      <node ref="Q8" pin="2"/>
      <node ref="Q8" pin="3"/>
      <node ref="Q5" pin="2"/>
      <node ref="Q1" pin="2"/>
    </net>
    <net code="16" name="Net-(Q1-Pad1)">
      <node ref="R1" pin="1"/>
      <node ref="Q3" pin="1"/>
      <node ref="Q5" pin="1"/>
      <node ref="Q1" pin="1"/>
    </net>
    <net code="17" name="Net-(Q1-Pad3)">
      <node ref="Q5" pin="3"/>
      <node ref="Q1" pin="3"/>
      <node ref="Q4" pin="3"/>
      <node ref="Q4" pin="2"/>
      <node ref="Q2" pin="3"/>
      <node ref="Q3" pin="3"/>
    </net>
    <net code="18" name="Net-(R7-Pad2)">
      <node ref="R8" pin="1"/>
      <node ref="R9" pin="2"/>
      <node ref="R7" pin="2"/>
      <node ref="U5" pin="2"/>
    </net>
    <net code="19" name="Net-(U5-Pad6)">
      <node ref="U5" pin="6"/>
    </net>
    <net code="20" name="Net-(U5-Pad5)">
      <node ref="U5" pin="5"/>
    </net>
    <net code="21" name="comp_out">
      <node ref="R10" pin="2"/>
      <node ref="R9" pin="1"/>
      <node ref="U5" pin="7"/>
    </net>
    <net code="22" name="Net-(Q10-Pad2)">
      <node ref="Q10" pin="2"/>
      <node ref="Q10" pin="3"/>
      <node ref="R3" pin="2"/>
      <node ref="Q11" pin="2"/>
    </net>
    <net code="23" name="Net-(C2-Pad1)">
      <node ref="U4" pin="7"/>
      <node ref="C2" pin="1"/>
      <node ref="U5" pin="3"/>
      <node ref="C3" pin="1"/>
    </net>
    <net code="24" name="Net-(C2-Pad2)">
      <node ref="C2" pin="2"/>
      <node ref="C3" pin="2"/>
      <node ref="U4" pin="6"/>
      <node ref="U2" pin="10"/>
      <node ref="U2" pin="8"/>
    </net>
  </nets>
</export>
